
{ "+": "yao garbled circuit tests, naranker dulay 2018",

  "circuits" : [

  { "name": "2-bit MAX in 10 gates - Dulay",
    "alice":  [1, 2],
    "bob":    [3, 4],
    "out":    [10, 19],
    "gates": [ 
      { "id":10, "type":"OR",  "in":[1, 3] },
      { "id":11, "type":"AND", "in":[1, 2] },
      { "id":12, "type":"NOT", "in":[1] },
      { "id":13, "type":"NOT", "in":[3] },
      { "id":14, "type":"AND", "in":[3, 4] },
      { "id":15, "type":"AND", "in":[4, 12] },
      { "id":16, "type":"AND", "in":[2, 13] },
      { "id":17, "type":"OR",  "in":[11, 15] },
      { "id":18, "type":"OR",  "in":[14, 16] },
      { "id":19, "type":"OR",  "in":[17, 18] }
    ]
 }

] } 

